Nro;Fecha-Hora;Caudal (m3/seg)
1;01/05/2026 00:18 ;11.927
2;01/05/2026 00:48 ;11.927
3;01/05/2026 01:18 ;11.927
4;01/05/2026 01:48 ;11.927
5;01/05/2026 02:18 ;11.927
6;01/05/2026 02:48 ;11.822
7;01/05/2026 03:18 ;11.822
8;01/05/2026 03:48 ;11.822
9;01/05/2026 04:18 ;11.822
10;01/05/2026 04:48 ;11.822
11;01/05/2026 05:18 ;11.720
12;01/05/2026 05:48 ;11.720
13;01/05/2026 06:18 ;11.720
14;01/05/2026 06:48 ;11.720
15;01/05/2026 07:18 ;11.720
16;01/05/2026 07:48 ;11.720
17;01/05/2026 08:18 ;12.666
18;01/05/2026 08:48 ;15.010
19;01/05/2026 09:18 ;15.489
20;01/05/2026 09:48 ;15.489
21;01/05/2026 10:18 ;15.398
22;01/05/2026 10:48 ;15.580
23;01/05/2026 11:18 ;15.682
24;01/05/2026 11:48 ;15.398
25;01/05/2026 12:18 ;15.580
26;01/05/2026 12:48 ;15.489
27;01/05/2026 13:18 ;15.682
28;01/05/2026 13:48 ;15.580
29;01/05/2026 14:18 ;15.580
30;01/05/2026 14:48 ;15.784
31;01/05/2026 15:18 ;15.682
32;01/05/2026 15:48 ;15.580
33;01/05/2026 16:18 ;15.784
34;01/05/2026 16:48 ;15.580
35;01/05/2026 17:18 ;15.580
36;01/05/2026 17:48 ;15.682
37;01/05/2026 18:18 ;15.580
38;01/05/2026 18:48 ;15.489
39;01/05/2026 19:18 ;15.398
40;01/05/2026 19:48 ;15.398
41;01/05/2026 20:18 ;15.398
42;01/05/2026 20:48 ;15.307
43;01/05/2026 21:18 ;15.125
44;01/05/2026 21:48 ;15.010
45;01/05/2026 22:18 ;14.779
46;01/05/2026 22:48 ;14.548
47;01/05/2026 23:18 ;14.321
48;01/05/2026 23:48 ;13.981
49;02/05/2026 00:18 ;13.536
50;02/05/2026 00:48 ;13.098
51;02/05/2026 01:18 ;12.773
52;02/05/2026 01:48 ;12.452
53;02/05/2026 02:18 ;12.345
54;02/05/2026 02:48 ;12.136
55;02/05/2026 03:18 ;12.136
56;02/05/2026 03:48 ;12.031
57;02/05/2026 04:18 ;12.031
58;02/05/2026 04:48 ;11.927
59;02/05/2026 05:18 ;11.927
60;02/05/2026 05:48 ;11.822
61;02/05/2026 06:18 ;11.822
62;02/05/2026 06:48 ;11.822
63;02/05/2026 07:18 ;13.425
64;02/05/2026 07:48 ;15.125
65;02/05/2026 08:18 ;15.398
66;02/05/2026 08:48 ;15.489
67;02/05/2026 09:18 ;15.307
68;02/05/2026 09:48 ;15.489
69;02/05/2026 10:18 ;15.489
70;02/05/2026 10:48 ;15.489
71;02/05/2026 11:18 ;15.489
72;02/05/2026 11:48 ;15.489
73;02/05/2026 12:18 ;15.489
74;02/05/2026 12:48 ;15.489
75;02/05/2026 13:18 ;15.580
76;02/05/2026 13:48 ;15.489
77;02/05/2026 14:18 ;15.489
78;02/05/2026 14:48 ;15.682
79;02/05/2026 15:18 ;15.784
80;02/05/2026 15:48 ;15.784
81;02/05/2026 16:18 ;15.784
82;02/05/2026 16:48 ;15.580
83;02/05/2026 17:18 ;15.682
84;02/05/2026 17:48 ;15.580
85;02/05/2026 18:18 ;15.580
86;02/05/2026 18:48 ;15.398
87;02/05/2026 19:18 ;15.398
88;02/05/2026 19:48 ;15.398
89;02/05/2026 20:18 ;15.398
90;02/05/2026 20:48 ;15.307
91;02/05/2026 21:18 ;15.216
92;02/05/2026 21:48 ;14.894
93;02/05/2026 22:18 ;14.779
94;02/05/2026 22:48 ;14.435
95;02/05/2026 23:18 ;14.208
96;02/05/2026 23:48 ;13.870
97;03/05/2026 00:18 ;13.316
98;03/05/2026 00:48 ;12.880
99;03/05/2026 01:18 ;12.559
100;03/05/2026 01:48 ;12.345
101;03/05/2026 02:18 ;12.136
102;03/05/2026 02:48 ;12.031
103;03/05/2026 03:18 ;11.927
104;03/05/2026 03:48 ;11.927
105;03/05/2026 04:18 ;11.822
106;03/05/2026 04:48 ;11.822
107;03/05/2026 05:18 ;11.720
108;03/05/2026 05:48 ;11.720
109;03/05/2026 06:18 ;11.617
110;03/05/2026 06:48 ;11.617
111;03/05/2026 07:18 ;13.207
112;03/05/2026 07:48 ;15.010
113;03/05/2026 08:18 ;15.580
114;03/05/2026 08:48 ;15.398
115;03/05/2026 09:18 ;15.580
116;03/05/2026 09:48 ;15.489
117;03/05/2026 10:18 ;15.489
118;03/05/2026 10:48 ;15.489
119;03/05/2026 11:18 ;15.580
120;03/05/2026 11:48 ;15.682
121;03/05/2026 12:18 ;15.580
122;03/05/2026 12:48 ;15.580
123;03/05/2026 13:18 ;15.580
124;03/05/2026 13:48 ;15.489
125;03/05/2026 14:18 ;15.398
126;03/05/2026 14:48 ;15.398
127;03/05/2026 15:18 ;15.580
128;03/05/2026 15:48 ;15.580
129;03/05/2026 16:18 ;15.580
130;03/05/2026 16:48 ;15.580
131;03/05/2026 17:18 ;15.682
132;03/05/2026 17:48 ;15.489
133;03/05/2026 18:18 ;15.398
134;03/05/2026 18:48 ;15.398
135;03/05/2026 19:18 ;15.489
136;03/05/2026 19:48 ;15.489
137;03/05/2026 20:18 ;15.489
138;03/05/2026 20:48 ;15.307
139;03/05/2026 21:18 ;15.125
140;03/05/2026 21:48 ;14.663
141;03/05/2026 22:18 ;14.779
142;03/05/2026 22:48 ;14.435
143;03/05/2026 23:18 ;14.094
144;03/05/2026 23:48 ;13.647
145;04/05/2026 00:18 ;13.098
146;04/05/2026 00:48 ;12.773
147;04/05/2026 01:18 ;12.452
148;04/05/2026 01:48 ;12.240
149;04/05/2026 02:18 ;12.031
150;04/05/2026 02:48 ;11.927
151;04/05/2026 03:18 ;11.822
152;04/05/2026 03:48 ;11.822
153;04/05/2026 04:18 ;11.720
154;04/05/2026 04:48 ;11.720
155;04/05/2026 05:18 ;11.617
156;04/05/2026 05:48 ;11.617
157;04/05/2026 06:18 ;11.617
158;04/05/2026 06:48 ;11.617
159;04/05/2026 07:18 ;11.515
160;04/05/2026 07:48 ;11.515
161;04/05/2026 08:18 ;11.515
162;04/05/2026 08:48 ;11.515
163;04/05/2026 09:18 ;13.536
164;04/05/2026 09:48 ;15.307
165;04/05/2026 10:18 ;15.398
166;04/05/2026 10:48 ;15.580
167;04/05/2026 11:18 ;15.580
168;04/05/2026 11:48 ;15.580
169;04/05/2026 12:18 ;15.489
170;04/05/2026 12:48 ;15.307
171;04/05/2026 13:18 ;15.398
172;04/05/2026 13:48 ;15.398
173;04/05/2026 14:18 ;15.398
174;04/05/2026 14:48 ;15.216
175;04/05/2026 15:18 ;15.125
176;04/05/2026 15:48 ;15.010
177;04/05/2026 16:18 ;14.779
178;04/05/2026 16:48 ;14.435
179;04/05/2026 17:18 ;13.981
180;04/05/2026 17:48 ;13.316
181;04/05/2026 18:18 ;12.773
182;04/05/2026 18:48 ;12.559
183;04/05/2026 19:18 ;12.240
184;04/05/2026 19:48 ;12.031
185;04/05/2026 20:18 ;11.927
186;04/05/2026 20:48 ;11.822
187;04/05/2026 21:18 ;11.720
188;04/05/2026 21:48 ;11.617
189;04/05/2026 22:18 ;11.617
190;04/05/2026 22:48 ;11.515
191;04/05/2026 23:18 ;11.515
192;04/05/2026 23:48 ;11.515
193;05/05/2026 00:18 ;11.412
194;05/05/2026 00:48 ;11.412
195;05/05/2026 01:18 ;11.412
196;05/05/2026 01:48 ;11.412
197;05/05/2026 02:18 ;11.310
198;05/05/2026 02:48 ;11.310
199;05/05/2026 03:18 ;11.310
200;05/05/2026 03:48 ;11.310
201;05/05/2026 04:18 ;11.210
202;05/05/2026 04:48 ;11.210
203;05/05/2026 05:18 ;11.210
204;05/05/2026 05:48 ;11.210
205;05/05/2026 06:18 ;11.210
206;05/05/2026 06:48 ;11.210
207;05/05/2026 07:18 ;11.210
208;05/05/2026 07:48 ;11.109
209;05/05/2026 08:18 ;11.109
210;05/05/2026 08:48 ;11.109
211;05/05/2026 09:18 ;11.109
212;05/05/2026 09:48 ;11.109
213;05/05/2026 10:18 ;11.109
214;05/05/2026 10:48 ;11.109
215;05/05/2026 11:18 ;11.109
216;05/05/2026 11:48 ;11.109
217;05/05/2026 12:18 ;11.109
218;05/05/2026 12:48 ;11.109
219;05/05/2026 13:18 ;11.009
220;05/05/2026 13:48 ;11.009
221;05/05/2026 14:18 ;11.009
222;05/05/2026 14:48 ;11.009
223;05/05/2026 15:18 ;11.009
224;05/05/2026 15:48 ;11.009
225;05/05/2026 16:18 ;11.009
226;05/05/2026 16:48 ;11.009
227;05/05/2026 17:18 ;10.908
228;05/05/2026 17:48 ;11.009
229;05/05/2026 18:18 ;11.009
230;05/05/2026 18:48 ;11.009
231;05/05/2026 19:18 ;11.009
232;05/05/2026 19:48 ;11.009
233;05/05/2026 20:18 ;11.009
234;05/05/2026 20:48 ;11.009
235;05/05/2026 21:18 ;11.009
236;05/05/2026 21:48 ;10.908
237;05/05/2026 22:18 ;10.908
238;05/05/2026 22:48 ;10.908
239;05/05/2026 23:18 ;10.908
240;05/05/2026 23:48 ;10.908
241;06/05/2026 00:18 ;10.908
242;06/05/2026 00:48 ;10.908
243;06/05/2026 01:18 ;10.908
244;06/05/2026 01:48 ;10.908
245;06/05/2026 02:18 ;10.908
246;06/05/2026 02:48 ;10.908
247;06/05/2026 03:18 ;10.908
248;06/05/2026 03:48 ;10.808
249;06/05/2026 04:18 ;10.908
250;06/05/2026 04:48 ;10.808
251;06/05/2026 05:18 ;10.908
252;06/05/2026 05:48 ;10.808
253;06/05/2026 06:18 ;10.808
254;06/05/2026 06:48 ;10.808
255;06/05/2026 07:18 ;10.908
256;06/05/2026 07:48 ;10.908
257;06/05/2026 08:18 ;10.908
258;06/05/2026 08:48 ;11.009
259;06/05/2026 09:18 ;11.210
260;06/05/2026 09:48 ;11.412
261;06/05/2026 10:18 ;11.617
262;06/05/2026 10:48 ;12.031
263;06/05/2026 11:18 ;12.559
264;06/05/2026 11:48 ;12.880
265;06/05/2026 12:18 ;13.316
266;06/05/2026 12:48 ;13.536
267;06/05/2026 13:18 ;12.240
268;06/05/2026 13:48 ;11.822
269;06/05/2026 14:18 ;11.617
270;06/05/2026 14:48 ;11.927
271;06/05/2026 15:18 ;11.822
272;06/05/2026 15:48 ;11.927
273;06/05/2026 16:18 ;11.822
274;06/05/2026 16:48 ;11.617
275;06/05/2026 17:18 ;11.720
276;06/05/2026 17:48 ;11.720
277;06/05/2026 18:18 ;11.822
278;06/05/2026 18:48 ;11.412
279;06/05/2026 19:18 ;11.617
280;06/05/2026 19:48 ;11.927
281;06/05/2026 20:18 ;11.617
282;06/05/2026 20:48 ;11.617
283;06/05/2026 21:18 ;11.310
284;06/05/2026 21:48 ;11.617
285;06/05/2026 22:18 ;11.412
286;06/05/2026 22:48 ;11.720
287;06/05/2026 23:18 ;11.720
288;06/05/2026 23:48 ;11.720
289;07/05/2026 00:18 ;11.617
290;07/05/2026 00:48 ;11.515
291;07/05/2026 01:18 ;11.617
292;07/05/2026 01:48 ;11.412
293;07/05/2026 02:18 ;11.412
294;07/05/2026 02:48 ;11.310
295;07/05/2026 03:18 ;11.310
296;07/05/2026 03:48 ;11.412
297;07/05/2026 04:18 ;11.412
298;07/05/2026 04:48 ;11.412
299;07/05/2026 05:18 ;11.515
300;07/05/2026 05:48 ;11.412
301;07/05/2026 06:18 ;11.310
302;07/05/2026 06:48 ;11.310
303;07/05/2026 07:18 ;11.210
304;07/05/2026 07:48 ;11.210
305;07/05/2026 08:18 ;11.210
306;07/05/2026 08:48 ;11.109
307;07/05/2026 09:18 ;11.109
308;07/05/2026 09:48 ;11.210
309;07/05/2026 10:18 ;11.109
310;07/05/2026 10:48 ;11.109
311;07/05/2026 11:18 ;11.210
312;07/05/2026 11:48 ;11.109
313;07/05/2026 12:18 ;11.109
314;07/05/2026 12:48 ;11.109
315;07/05/2026 13:18 ;11.009
316;07/05/2026 13:48 ;11.009
317;07/05/2026 14:18 ;11.009
318;07/05/2026 14:48 ;11.009
319;07/05/2026 15:18 ;11.109
320;07/05/2026 15:48 ;11.109
321;07/05/2026 16:18 ;11.009
322;07/05/2026 16:48 ;11.009
323;07/05/2026 17:18 ;11.009
324;07/05/2026 17:48 ;11.009
325;07/05/2026 18:18 ;11.109
326;07/05/2026 18:48 ;11.009
327;07/05/2026 19:18 ;11.009
328;07/05/2026 19:48 ;10.908
329;07/05/2026 20:18 ;10.808
330;07/05/2026 20:48 ;10.808
331;07/05/2026 21:18 ;11.109
332;07/05/2026 21:48 ;11.310
333;07/05/2026 22:18 ;11.412
334;07/05/2026 22:48 ;11.617
335;07/05/2026 23:18 ;11.617
336;07/05/2026 23:48 ;11.515
337;08/05/2026 00:18 ;11.412
338;08/05/2026 00:48 ;11.412
339;08/05/2026 01:18 ;11.412
340;08/05/2026 01:48 ;11.310
341;08/05/2026 02:18 ;11.310
342;08/05/2026 02:48 ;11.310
343;08/05/2026 03:18 ;11.310
344;08/05/2026 03:48 ;11.210
345;08/05/2026 04:18 ;11.109
346;08/05/2026 04:48 ;11.109
347;08/05/2026 05:18 ;11.109
348;08/05/2026 05:48 ;11.109
349;08/05/2026 06:18 ;11.210
350;08/05/2026 06:48 ;11.310
351;08/05/2026 07:18 ;11.310
352;08/05/2026 07:48 ;11.210
353;08/05/2026 08:18 ;11.210
354;08/05/2026 08:48 ;11.210
355;08/05/2026 09:18 ;11.210
356;08/05/2026 09:48 ;11.210
357;08/05/2026 10:18 ;11.210
358;08/05/2026 10:48 ;11.210
359;08/05/2026 11:18 ;11.109
360;08/05/2026 11:48 ;11.109
361;08/05/2026 12:18 ;11.210
362;08/05/2026 12:48 ;11.210
363;08/05/2026 13:18 ;11.310
364;08/05/2026 13:48 ;11.310
365;08/05/2026 14:18 ;11.210
366;08/05/2026 14:48 ;11.109
367;08/05/2026 15:18 ;11.210
368;08/05/2026 15:48 ;11.210
369;08/05/2026 16:18 ;11.210
370;08/05/2026 16:48 ;11.310
371;08/05/2026 17:18 ;11.310
372;08/05/2026 17:48 ;11.310
373;08/05/2026 18:18 ;11.310
374;08/05/2026 18:48 ;11.310
375;08/05/2026 19:18 ;11.310
376;08/05/2026 19:48 ;11.310
377;08/05/2026 20:18 ;11.310
378;08/05/2026 20:48 ;11.210
379;08/05/2026 21:18 ;11.210
380;08/05/2026 21:48 ;11.210
381;08/05/2026 22:18 ;11.210
382;08/05/2026 22:48 ;11.210
383;08/05/2026 23:18 ;11.210
384;08/05/2026 23:48 ;11.210
385;09/05/2026 00:18 ;11.210
386;09/05/2026 00:48 ;11.210
387;09/05/2026 01:18 ;11.109
388;09/05/2026 01:48 ;11.210
389;09/05/2026 02:18 ;11.210
390;09/05/2026 02:48 ;11.210
391;09/05/2026 03:18 ;11.210
392;09/05/2026 03:48 ;11.210
393;09/05/2026 04:18 ;11.210
394;09/05/2026 04:48 ;11.310
395;09/05/2026 05:18 ;11.310
396;09/05/2026 05:48 ;11.310
397;09/05/2026 06:18 ;11.310
398;09/05/2026 06:48 ;11.310
399;09/05/2026 07:18 ;11.310
400;09/05/2026 07:48 ;11.310
401;09/05/2026 08:18 ;11.310
402;09/05/2026 08:48 ;11.310
403;09/05/2026 09:18 ;11.310
404;09/05/2026 09:48 ;11.210
405;09/05/2026 10:18 ;11.210
406;09/05/2026 10:48 ;11.210
407;09/05/2026 11:18 ;11.109
408;09/05/2026 11:48 ;11.109
409;09/05/2026 12:18 ;11.109
410;09/05/2026 12:48 ;11.009
411;09/05/2026 13:18 ;11.009
412;09/05/2026 13:48 ;11.009
413;09/05/2026 14:18 ;11.009
414;09/05/2026 14:48 ;11.009
415;09/05/2026 15:18 ;11.009
416;09/05/2026 15:48 ;11.009
417;09/05/2026 16:18 ;11.009
418;09/05/2026 16:48 ;11.009
419;09/05/2026 17:18 ;11.009
420;09/05/2026 17:48 ;11.009
421;09/05/2026 18:18 ;11.109
422;09/05/2026 18:48 ;11.009
423;09/05/2026 19:18 ;11.109
424;09/05/2026 19:48 ;11.109
425;09/05/2026 20:18 ;11.109
426;09/05/2026 20:48 ;11.109
427;09/05/2026 21:18 ;11.109
428;09/05/2026 21:48 ;11.109
429;09/05/2026 22:18 ;11.109
430;09/05/2026 22:48 ;11.109
431;09/05/2026 23:18 ;11.109
432;09/05/2026 23:48 ;11.009
433;10/05/2026 00:18 ;11.109
434;10/05/2026 00:48 ;11.009
435;10/05/2026 01:18 ;11.009
436;10/05/2026 01:48 ;11.109
437;10/05/2026 02:18 ;11.009
438;10/05/2026 02:48 ;11.109
439;10/05/2026 03:18 ;11.109
440;10/05/2026 03:48 ;11.109
441;10/05/2026 04:18 ;11.109
442;10/05/2026 04:48 ;11.109
443;10/05/2026 05:18 ;11.109
444;10/05/2026 05:48 ;11.109
445;10/05/2026 06:18 ;11.109
446;10/05/2026 06:48 ;11.109
447;10/05/2026 07:18 ;11.109
448;10/05/2026 07:48 ;11.109
449;10/05/2026 08:18 ;11.109
450;10/05/2026 08:48 ;11.109
451;10/05/2026 09:18 ;11.109
452;10/05/2026 09:48 ;11.109
453;10/05/2026 10:18 ;11.109
454;10/05/2026 10:48 ;11.109
455;10/05/2026 11:18 ;11.109
456;10/05/2026 11:48 ;11.109
457;10/05/2026 12:18 ;11.109
458;10/05/2026 12:48 ;11.109
459;10/05/2026 13:18 ;11.109
460;10/05/2026 13:48 ;11.109
461;10/05/2026 14:18 ;11.009
462;10/05/2026 14:48 ;11.009
463;10/05/2026 15:18 ;11.009
464;10/05/2026 15:48 ;11.009
465;10/05/2026 16:18 ;11.009
466;10/05/2026 16:48 ;11.009
467;10/05/2026 17:18 ;11.009
468;10/05/2026 17:48 ;10.908
469;10/05/2026 18:18 ;10.908
470;10/05/2026 18:48 ;10.908
471;10/05/2026 19:18 ;10.908
472;10/05/2026 19:48 ;10.808
473;10/05/2026 20:18 ;10.808
474;10/05/2026 20:48 ;10.808
475;10/05/2026 21:18 ;10.710
476;10/05/2026 21:48 ;10.808
477;10/05/2026 22:18 ;10.808
478;10/05/2026 22:48 ;10.808
479;10/05/2026 23:18 ;10.808
480;10/05/2026 23:48 ;10.808
481;11/05/2026 00:18 ;10.808
482;11/05/2026 00:48 ;10.808
483;11/05/2026 01:18 ;10.808
484;11/05/2026 01:48 ;10.808
485;11/05/2026 02:18 ;10.808
486;11/05/2026 02:48 ;10.808
487;11/05/2026 03:18 ;10.808
488;11/05/2026 03:48 ;10.808
489;11/05/2026 04:18 ;10.808
490;11/05/2026 04:48 ;10.808
491;11/05/2026 05:18 ;10.808
492;11/05/2026 05:48 ;10.808
493;11/05/2026 06:18 ;10.808
494;11/05/2026 06:48 ;10.808
495;11/05/2026 07:18 ;10.808
496;11/05/2026 07:48 ;10.808
497;11/05/2026 08:18 ;10.808
498;11/05/2026 08:48 ;10.808
499;11/05/2026 09:18 ;10.808
500;11/05/2026 09:48 ;10.808
501;11/05/2026 10:18 ;10.710
502;11/05/2026 10:48 ;10.710
503;11/05/2026 11:18 ;11.009
504;11/05/2026 11:48 ;11.515
505;11/05/2026 12:18 ;12.031
506;11/05/2026 12:48 ;12.136
507;11/05/2026 13:18 ;11.927
508;11/05/2026 13:48 ;11.822
509;11/05/2026 14:18 ;11.822
510;11/05/2026 14:48 ;11.617
511;11/05/2026 15:18 ;11.720
512;11/05/2026 15:48 ;11.515
513;11/05/2026 16:18 ;11.210
514;11/05/2026 16:48 ;11.009
515;11/05/2026 17:18 ;11.210
516;11/05/2026 17:48 ;11.310
517;11/05/2026 18:18 ;11.310
518;11/05/2026 18:48 ;11.210
519;11/05/2026 19:18 ;11.310
520;11/05/2026 19:48 ;11.210
521;11/05/2026 20:18 ;11.310
522;11/05/2026 20:48 ;11.210
523;11/05/2026 21:18 ;11.310
524;11/05/2026 21:48 ;11.310
525;11/05/2026 22:18 ;11.310
526;11/05/2026 22:48 ;11.412
527;11/05/2026 23:18 ;11.412
528;11/05/2026 23:48 ;11.412
529;12/05/2026 00:18 ;11.515
530;12/05/2026 00:48 ;11.412
531;12/05/2026 01:18 ;11.412
532;12/05/2026 01:48 ;11.515
533;12/05/2026 02:18 ;11.515
534;12/05/2026 02:48 ;11.515
535;12/05/2026 03:18 ;11.515
536;12/05/2026 03:48 ;11.310
537;12/05/2026 04:18 ;11.310
538;12/05/2026 04:48 ;11.210
539;12/05/2026 05:18 ;11.310
540;12/05/2026 05:48 ;11.515
541;12/05/2026 06:18 ;11.515
542;12/05/2026 06:48 ;11.617
543;12/05/2026 07:18 ;11.617
544;12/05/2026 07:48 ;11.617
545;12/05/2026 08:18 ;11.515
546;12/05/2026 08:48 ;11.515
547;12/05/2026 09:18 ;11.515
548;12/05/2026 09:48 ;11.515
549;12/05/2026 10:18 ;11.515
550;12/05/2026 10:48 ;11.515
551;12/05/2026 11:18 ;11.617
552;12/05/2026 11:48 ;11.617
553;12/05/2026 12:18 ;11.515
554;12/05/2026 12:48 ;11.515
555;12/05/2026 13:18 ;11.617
556;12/05/2026 13:48 ;11.515
557;12/05/2026 14:18 ;11.515
558;12/05/2026 14:48 ;11.515
559;12/05/2026 15:18 ;11.515
560;12/05/2026 15:48 ;11.310
561;12/05/2026 16:18 ;11.515
562;12/05/2026 16:48 ;11.515
563;12/05/2026 17:18 ;11.412
564;12/05/2026 17:48 ;11.515
565;12/05/2026 18:18 ;11.515
566;12/05/2026 18:48 ;11.515
567;12/05/2026 19:18 ;11.412
568;12/05/2026 19:48 ;11.412
569;12/05/2026 20:18 ;11.515
570;12/05/2026 20:48 ;11.412
571;12/05/2026 21:18 ;11.515
572;12/05/2026 21:48 ;11.515
573;12/05/2026 22:18 ;11.515
574;12/05/2026 22:48 ;11.412
575;12/05/2026 23:18 ;11.412
576;12/05/2026 23:48 ;11.515
577;13/05/2026 00:18 ;11.515
578;13/05/2026 00:48 ;11.515
579;13/05/2026 01:18 ;11.515
580;13/05/2026 01:48 ;11.515
581;13/05/2026 02:18 ;11.515
582;13/05/2026 02:48 ;11.412
583;13/05/2026 03:18 ;11.515
584;13/05/2026 03:48 ;11.515
585;13/05/2026 04:18 ;11.515
586;13/05/2026 04:48 ;11.412
587;13/05/2026 05:18 ;11.515
588;13/05/2026 05:48 ;11.310
589;13/05/2026 06:18 ;11.310
590;13/05/2026 06:48 ;11.310
591;13/05/2026 07:18 ;11.515
592;13/05/2026 07:48 ;11.515
593;13/05/2026 08:18 ;11.515
594;13/05/2026 08:48 ;11.617
595;13/05/2026 09:18 ;11.617
596;13/05/2026 09:48 ;11.515
597;13/05/2026 10:18 ;11.515
598;13/05/2026 10:48 ;11.617
599;13/05/2026 11:18 ;11.515
600;13/05/2026 11:48 ;11.617
601;13/05/2026 12:18 ;11.515
602;13/05/2026 12:48 ;11.515
603;13/05/2026 13:18 ;11.412
604;13/05/2026 13:48 ;11.515
605;13/05/2026 14:18 ;11.515
606;13/05/2026 14:48 ;11.310
607;13/05/2026 15:18 ;11.310
608;13/05/2026 15:48 ;11.617
609;13/05/2026 16:18 ;11.515
610;13/05/2026 16:48 ;11.617
611;13/05/2026 17:18 ;11.515
612;13/05/2026 17:48 ;11.310
613;13/05/2026 18:18 ;11.310
614;13/05/2026 18:48 ;11.617
615;13/05/2026 19:18 ;11.617
616;13/05/2026 19:48 ;11.617
617;13/05/2026 20:18 ;11.412
618;13/05/2026 20:48 ;11.617
619;13/05/2026 21:18 ;11.412
620;13/05/2026 21:48 ;11.515
621;13/05/2026 22:18 ;11.412
622;13/05/2026 22:48 ;11.412
623;13/05/2026 23:18 ;11.515
624;13/05/2026 23:48 ;11.515
625;14/05/2026 00:18 ;11.515
626;14/05/2026 00:48 ;11.310
627;14/05/2026 01:18 ;11.310
628;14/05/2026 01:48 ;11.617
629;14/05/2026 02:18 ;11.515
630;14/05/2026 02:48 ;11.720
631;14/05/2026 03:18 ;11.412
632;14/05/2026 03:48 ;11.109
633;14/05/2026 04:18 ;11.310
634;14/05/2026 04:48 ;11.412
635;14/05/2026 05:18 ;11.210
636;14/05/2026 05:48 ;10.808
637;14/05/2026 06:18 ;11.210
638;14/05/2026 06:48 ;11.109
639;14/05/2026 07:18 ;11.310
640;14/05/2026 07:48 ;11.412
641;14/05/2026 08:18 ;11.210
642;14/05/2026 08:48 ;11.210
643;14/05/2026 09:18 ;11.210
644;14/05/2026 09:48 ;11.210
645;14/05/2026 10:18 ;11.009
646;14/05/2026 10:48 ;11.009
647;14/05/2026 11:18 ;11.109
648;14/05/2026 11:48 ;11.210
649;14/05/2026 12:18 ;10.808
650;14/05/2026 12:48 ;11.109
651;14/05/2026 13:18 ;10.612
652;14/05/2026 13:48 ;10.808
653;14/05/2026 14:18 ;10.710
654;14/05/2026 14:48 ;10.908
655;14/05/2026 15:18 ;11.310
656;14/05/2026 15:48 ;10.808
657;14/05/2026 16:18 ;11.210
658;14/05/2026 16:48 ;11.109
659;14/05/2026 17:18 ;11.412
660;14/05/2026 17:48 ;11.310
661;14/05/2026 18:18 ;11.009
662;14/05/2026 18:48 ;11.009
663;14/05/2026 19:18 ;10.808
664;14/05/2026 19:48 ;10.710
665;14/05/2026 20:18 ;10.710
666;14/05/2026 20:48 ;10.126
667;14/05/2026 21:18 ;9.186
668;14/05/2026 21:48 ;8.554
669;14/05/2026 22:18 ;8.291
670;14/05/2026 22:48 ;8.291
671;14/05/2026 23:18 ;8.733
672;14/05/2026 23:48 ;9.186
673;15/05/2026 00:18 ;9.557
674;15/05/2026 00:48 ;9.744
675;15/05/2026 01:18 ;9.934
676;15/05/2026 01:48 ;9.934
677;15/05/2026 02:18 ;10.030
678;15/05/2026 02:48 ;10.030
679;15/05/2026 03:18 ;10.030
680;15/05/2026 03:48 ;10.030
681;15/05/2026 04:18 ;10.030
682;15/05/2026 04:48 ;10.030
683;15/05/2026 05:18 ;10.030
684;15/05/2026 05:48 ;10.030
685;15/05/2026 06:18 ;10.030
686;15/05/2026 06:48 ;10.222
687;15/05/2026 07:18 ;10.318
688;15/05/2026 07:48 ;10.416
689;15/05/2026 08:18 ;10.514
690;15/05/2026 08:48 ;10.612
691;15/05/2026 09:18 ;10.710
692;15/05/2026 09:48 ;10.808
693;15/05/2026 10:18 ;10.908
694;15/05/2026 10:48 ;11.109
695;15/05/2026 11:18 ;11.210
696;15/05/2026 11:48 ;11.310
697;15/05/2026 12:18 ;11.412
698;15/05/2026 12:48 ;11.412
699;15/05/2026 13:18 ;11.412
700;15/05/2026 13:48 ;11.515
701;15/05/2026 14:18 ;11.515
702;15/05/2026 14:48 ;11.412
703;15/05/2026 15:18 ;11.412
704;15/05/2026 15:48 ;11.515
705;15/05/2026 16:18 ;11.412
706;15/05/2026 16:48 ;11.412
707;15/05/2026 17:18 ;11.412
708;15/05/2026 17:48 ;11.412
709;15/05/2026 18:18 ;11.412
710;15/05/2026 18:48 ;11.310
711;15/05/2026 19:18 ;11.109
712;15/05/2026 19:48 ;11.009
713;15/05/2026 20:18 ;10.808
714;15/05/2026 20:48 ;10.808
715;15/05/2026 21:18 ;10.710
716;15/05/2026 21:48 ;10.710
717;15/05/2026 22:18 ;10.710
718;15/05/2026 22:48 ;10.710
719;15/05/2026 23:18 ;10.710
720;15/05/2026 23:48 ;10.710
721;16/05/2026 00:18 ;10.612
722;16/05/2026 00:48 ;10.710
723;16/05/2026 01:18 ;10.808
724;16/05/2026 01:48 ;10.908
725;16/05/2026 02:18 ;11.009
726;16/05/2026 02:48 ;11.109
727;16/05/2026 03:18 ;11.210
728;16/05/2026 03:48 ;11.310
729;16/05/2026 04:18 ;11.310
730;16/05/2026 04:48 ;11.310
731;16/05/2026 05:18 ;11.310
732;16/05/2026 05:48 ;11.310
733;16/05/2026 06:18 ;11.310
734;16/05/2026 06:48 ;11.310
735;16/05/2026 07:18 ;11.412
736;16/05/2026 07:48 ;11.412
737;16/05/2026 08:18 ;11.412
738;16/05/2026 08:48 ;11.310
739;16/05/2026 09:18 ;11.210
740;16/05/2026 09:48 ;11.210
741;16/05/2026 10:18 ;11.109
742;16/05/2026 10:48 ;11.109
743;16/05/2026 11:18 ;11.109
744;16/05/2026 11:48 ;11.109
745;16/05/2026 12:18 ;11.109
746;16/05/2026 12:48 ;11.109
747;16/05/2026 13:18 ;11.009
748;16/05/2026 13:48 ;11.109
749;16/05/2026 14:18 ;11.009
750;16/05/2026 14:48 ;10.908
751;16/05/2026 15:18 ;10.908
752;16/05/2026 15:48 ;10.808
753;16/05/2026 16:18 ;10.808
754;16/05/2026 16:48 ;10.808
755;16/05/2026 17:18 ;10.808
756;16/05/2026 17:48 ;10.710
757;16/05/2026 18:18 ;10.808
758;16/05/2026 18:48 ;10.710
759;16/05/2026 19:18 ;10.710
760;16/05/2026 19:48 ;10.710
761;16/05/2026 20:18 ;10.710
762;16/05/2026 20:48 ;10.710
763;16/05/2026 21:18 ;10.710
764;16/05/2026 21:48 ;10.710
765;16/05/2026 22:18 ;10.612
766;16/05/2026 22:48 ;10.710
767;16/05/2026 23:18 ;10.710
768;16/05/2026 23:48 ;10.710
769;17/05/2026 00:18 ;10.710
770;17/05/2026 00:48 ;10.710
771;17/05/2026 01:18 ;10.710
772;17/05/2026 01:48 ;10.808
773;17/05/2026 02:18 ;10.808
774;17/05/2026 02:48 ;10.808
775;17/05/2026 03:18 ;10.808
776;17/05/2026 03:48 ;10.808
777;17/05/2026 04:18 ;10.808
778;17/05/2026 04:48 ;10.710
779;17/05/2026 05:18 ;10.808
780;17/05/2026 05:48 ;10.808
781;17/05/2026 06:18 ;10.808
782;17/05/2026 06:48 ;10.808
783;17/05/2026 07:18 ;10.808
784;17/05/2026 07:48 ;10.808
785;17/05/2026 08:18 ;10.710
786;17/05/2026 08:48 ;10.710
787;17/05/2026 09:18 ;10.710
788;17/05/2026 09:48 ;10.710
789;17/05/2026 10:18 ;10.710
790;17/05/2026 10:48 ;10.710
791;17/05/2026 11:18 ;10.808
792;17/05/2026 11:48 ;10.808
793;17/05/2026 12:18 ;10.808
794;17/05/2026 12:48 ;10.908
795;17/05/2026 13:18 ;10.908
796;17/05/2026 13:48 ;10.908
797;17/05/2026 14:18 ;10.908
798;17/05/2026 14:48 ;10.908
799;17/05/2026 15:18 ;10.908
800;17/05/2026 15:48 ;10.908
801;17/05/2026 16:18 ;10.908
802;17/05/2026 16:48 ;10.808
803;17/05/2026 17:18 ;10.908
804;17/05/2026 17:48 ;10.908
805;17/05/2026 18:18 ;10.808
806;17/05/2026 18:48 ;10.808
807;17/05/2026 19:18 ;10.808
808;17/05/2026 19:48 ;10.808
809;17/05/2026 20:18 ;10.808
810;17/05/2026 20:48 ;10.808
811;17/05/2026 21:18 ;10.808
812;17/05/2026 21:48 ;10.808
813;17/05/2026 22:18 ;10.808
814;17/05/2026 22:48 ;10.808
815;17/05/2026 23:18 ;10.808
816;17/05/2026 23:48 ;10.808
817;18/05/2026 00:18 ;10.710
818;18/05/2026 00:48 ;10.710
819;18/05/2026 01:18 ;10.808
820;18/05/2026 01:48 ;10.808
821;18/05/2026 02:18 ;10.808
822;18/05/2026 02:48 ;10.808
823;18/05/2026 03:18 ;10.908
824;18/05/2026 03:48 ;10.808
825;18/05/2026 04:18 ;10.808
826;18/05/2026 04:48 ;10.808
827;18/05/2026 05:18 ;10.808
828;18/05/2026 05:48 ;10.808
829;18/05/2026 06:18 ;10.808
830;18/05/2026 06:48 ;10.808
831;18/05/2026 07:18 ;10.808
832;18/05/2026 07:48 ;10.808
833;18/05/2026 08:18 ;10.808
834;18/05/2026 08:48 ;10.808
835;18/05/2026 09:18 ;10.808
836;18/05/2026 09:48 ;10.908
837;18/05/2026 10:18 ;11.009
838;18/05/2026 10:48 ;10.908
839;18/05/2026 11:18 ;11.009
840;18/05/2026 11:48 ;11.009
841;18/05/2026 12:18 ;11.009
842;18/05/2026 12:48 ;11.009
843;18/05/2026 13:18 ;11.109
844;18/05/2026 13:48 ;11.109
845;18/05/2026 14:18 ;11.310
846;18/05/2026 14:48 ;11.310
847;18/05/2026 15:18 ;11.310
848;18/05/2026 15:48 ;11.310
849;18/05/2026 16:18 ;11.210
850;18/05/2026 16:48 ;11.210
851;18/05/2026 17:18 ;11.109
852;18/05/2026 17:48 ;11.109
853;18/05/2026 18:18 ;11.109
854;18/05/2026 18:48 ;11.009
855;18/05/2026 19:18 ;11.009
856;18/05/2026 19:48 ;11.009
857;18/05/2026 20:18 ;11.009
858;18/05/2026 20:48 ;11.009
859;18/05/2026 21:18 ;11.009
860;18/05/2026 21:48 ;11.009
861;18/05/2026 22:18 ;11.009
862;18/05/2026 22:48 ;10.908
863;18/05/2026 23:18 ;10.908
864;18/05/2026 23:48 ;10.808
865;19/05/2026 00:18 ;10.908
866;19/05/2026 00:48 ;10.710
867;19/05/2026 01:18 ;10.710
868;19/05/2026 01:48 ;10.710
869;19/05/2026 02:18 ;10.710
870;19/05/2026 02:48 ;10.710
871;19/05/2026 03:18 ;10.710
872;19/05/2026 03:48 ;10.612
873;19/05/2026 04:18 ;10.710
874;19/05/2026 04:48 ;10.710
875;19/05/2026 05:18 ;10.612
876;19/05/2026 05:48 ;10.612
877;19/05/2026 06:18 ;10.612
878;19/05/2026 06:48 ;10.612
879;19/05/2026 07:18 ;10.612
880;19/05/2026 07:48 ;10.710
881;19/05/2026 08:18 ;10.612
882;19/05/2026 08:48 ;10.612
883;19/05/2026 09:18 ;10.710
884;19/05/2026 09:48 ;10.808
885;19/05/2026 10:18 ;10.908
886;19/05/2026 10:48 ;10.908
887;19/05/2026 11:18 ;10.908
888;19/05/2026 11:48 ;10.908
889;19/05/2026 12:18 ;10.908
890;19/05/2026 12:48 ;11.009
891;19/05/2026 13:18 ;11.210
892;19/05/2026 13:48 ;11.310
893;19/05/2026 14:18 ;11.412
894;19/05/2026 14:48 ;11.515
895;19/05/2026 15:18 ;11.617
896;19/05/2026 15:48 ;11.617
897;19/05/2026 16:18 ;11.515
898;19/05/2026 16:48 ;11.515
899;19/05/2026 17:18 ;11.412
900;19/05/2026 17:48 ;11.412
901;19/05/2026 18:18 ;11.412
902;19/05/2026 18:48 ;11.412
903;19/05/2026 19:18 ;11.310
904;19/05/2026 19:48 ;11.310
905;19/05/2026 20:18 ;11.310
906;19/05/2026 20:48 ;11.310
907;19/05/2026 21:18 ;11.310
908;19/05/2026 21:48 ;11.310
909;19/05/2026 22:18 ;11.210
910;19/05/2026 22:48 ;11.210
911;19/05/2026 23:18 ;11.109
912;19/05/2026 23:48 ;11.109
913;20/05/2026 00:18 ;11.009
914;20/05/2026 00:48 ;10.908
915;20/05/2026 01:18 ;10.808
916;20/05/2026 01:48 ;10.808
917;20/05/2026 02:18 ;10.710
918;20/05/2026 02:48 ;10.710
919;20/05/2026 03:18 ;10.710
920;20/05/2026 03:48 ;10.710
921;20/05/2026 04:18 ;10.612
922;20/05/2026 04:48 ;10.514
923;20/05/2026 05:18 ;10.612
924;20/05/2026 05:48 ;10.514
925;20/05/2026 06:18 ;10.514
926;20/05/2026 06:48 ;10.514
927;20/05/2026 07:18 ;10.514
928;20/05/2026 07:48 ;10.514
929;20/05/2026 08:18 ;10.514
930;20/05/2026 08:48 ;10.514
931;20/05/2026 09:18 ;10.514
932;20/05/2026 09:48 ;10.612
933;20/05/2026 10:18 ;10.612
934;20/05/2026 10:48 ;10.612
935;20/05/2026 11:18 ;10.612
936;20/05/2026 11:48 ;10.710
937;20/05/2026 12:18 ;10.710
938;20/05/2026 12:48 ;10.710
939;20/05/2026 13:18 ;10.908
940;20/05/2026 13:48 ;11.009
941;20/05/2026 14:18 ;11.210
942;20/05/2026 14:48 ;11.310
943;20/05/2026 15:18 ;11.412
944;20/05/2026 15:48 ;11.412
945;20/05/2026 16:18 ;11.515
946;20/05/2026 16:48 ;11.412
947;20/05/2026 17:18 ;11.412
948;20/05/2026 17:48 ;11.310
949;20/05/2026 18:18 ;11.310
950;20/05/2026 18:48 ;11.210
951;20/05/2026 19:18 ;11.210
952;20/05/2026 19:48 ;11.210
953;20/05/2026 20:18 ;11.210
954;20/05/2026 20:48 ;11.109
955;20/05/2026 21:18 ;11.109
956;20/05/2026 21:48 ;11.109
957;20/05/2026 22:18 ;11.009
958;20/05/2026 22:48 ;10.808
959;20/05/2026 23:18 ;10.808
960;20/05/2026 23:48 ;10.710
961;21/05/2026 00:18 ;10.612
962;21/05/2026 00:48 ;10.612
963;21/05/2026 01:18 ;10.514
964;21/05/2026 01:48 ;10.514
965;21/05/2026 02:18 ;10.514
966;21/05/2026 02:48 ;10.514
967;21/05/2026 03:18 ;10.514
968;21/05/2026 03:48 ;10.514
969;21/05/2026 04:18 ;10.514
970;21/05/2026 04:48 ;10.514
971;21/05/2026 05:18 ;10.514
972;21/05/2026 05:48 ;10.612
973;21/05/2026 06:18 ;10.612
974;21/05/2026 06:48 ;10.710
975;21/05/2026 07:18 ;10.710
976;21/05/2026 07:48 ;10.710
977;21/05/2026 08:18 ;10.710
978;21/05/2026 08:48 ;10.710
979;21/05/2026 09:18 ;10.710
980;21/05/2026 09:48 ;10.710
981;21/05/2026 10:18 ;10.908
982;21/05/2026 10:48 ;11.109
983;21/05/2026 11:18 ;11.310
984;21/05/2026 11:48 ;11.412
985;21/05/2026 12:18 ;11.515
986;21/05/2026 12:48 ;11.515
987;21/05/2026 13:18 ;11.617
988;21/05/2026 13:48 ;11.617
989;21/05/2026 14:18 ;11.515
990;21/05/2026 14:48 ;11.515
991;21/05/2026 15:18 ;11.515
992;21/05/2026 15:48 ;11.515
993;21/05/2026 16:18 ;11.515
994;21/05/2026 16:48 ;11.515
995;21/05/2026 17:18 ;11.515
996;21/05/2026 17:48 ;11.412
997;21/05/2026 18:18 ;11.412
998;21/05/2026 18:48 ;11.412
999;21/05/2026 19:18 ;11.310
1000;21/05/2026 19:48 ;11.109
1001;21/05/2026 20:18 ;11.009
1002;21/05/2026 20:48 ;10.908
1003;21/05/2026 21:18 ;10.808
1004;21/05/2026 21:48 ;10.710
1005;21/05/2026 22:18 ;10.612
1006;21/05/2026 22:48 ;10.612
1007;21/05/2026 23:18 ;10.514
1008;21/05/2026 23:48 ;10.514
1009;22/05/2026 00:18 ;10.514
1010;22/05/2026 00:48 ;10.416
1011;22/05/2026 01:18 ;10.416
1012;22/05/2026 01:48 ;10.416
1013;22/05/2026 02:18 ;10.416
1014;22/05/2026 02:48 ;10.416
1015;22/05/2026 03:18 ;10.416
1016;22/05/2026 03:48 ;10.514
1017;22/05/2026 04:18 ;10.612
1018;22/05/2026 04:48 ;10.612
1019;22/05/2026 05:18 ;10.612
1020;22/05/2026 05:48 ;10.710
1021;22/05/2026 06:18 ;10.710
1022;22/05/2026 06:48 ;10.710
1023;22/05/2026 07:18 ;10.710
1024;22/05/2026 07:48 ;10.710
1025;22/05/2026 08:18 ;10.710
1026;22/05/2026 08:48 ;10.710
1027;22/05/2026 09:18 ;10.710
1028;22/05/2026 09:48 ;10.710
1029;22/05/2026 10:18 ;10.808
1030;22/05/2026 10:48 ;10.710
1031;22/05/2026 11:18 ;10.710
1032;22/05/2026 11:48 ;10.710
1033;22/05/2026 12:18 ;10.710
1034;22/05/2026 12:48 ;10.808
1035;22/05/2026 13:18 ;10.908
1036;22/05/2026 13:48 ;11.210
1037;22/05/2026 14:18 ;11.310
1038;22/05/2026 14:48 ;11.412
1039;22/05/2026 15:18 ;11.515
1040;22/05/2026 15:48 ;11.617
1041;22/05/2026 16:18 ;11.515
1042;22/05/2026 16:48 ;11.617
1043;22/05/2026 17:18 ;11.617
1044;22/05/2026 17:48 ;11.617
1045;22/05/2026 18:18 ;11.720
1046;22/05/2026 18:48 ;11.720
1047;22/05/2026 19:18 ;11.617
1048;22/05/2026 19:48 ;11.720
1049;22/05/2026 20:18 ;11.617
1050;22/05/2026 20:48 ;11.412
1051;22/05/2026 21:18 ;11.310
1052;22/05/2026 21:48 ;11.109
1053;22/05/2026 22:18 ;10.908
1054;22/05/2026 22:48 ;10.808
1055;22/05/2026 23:18 ;10.710
1056;22/05/2026 23:48 ;10.612
1057;23/05/2026 00:18 ;10.514
1058;23/05/2026 00:48 ;10.514
1059;23/05/2026 01:18 ;10.514
1060;23/05/2026 01:48 ;10.514
1061;23/05/2026 02:18 ;10.514
1062;23/05/2026 02:48 ;10.514
1063;23/05/2026 03:18 ;10.514
1064;23/05/2026 03:48 ;10.514
1065;23/05/2026 04:18 ;10.514
1066;23/05/2026 04:48 ;10.514
1067;23/05/2026 05:18 ;10.514
1068;23/05/2026 05:48 ;10.612
1069;23/05/2026 06:18 ;10.612
1070;23/05/2026 06:48 ;10.514
1071;23/05/2026 07:18 ;10.612
1072;23/05/2026 07:48 ;10.612
1073;23/05/2026 08:18 ;10.612
1074;23/05/2026 08:48 ;10.612
1075;23/05/2026 09:18 ;10.612
1076;23/05/2026 09:48 ;10.612
1077;23/05/2026 10:18 ;10.612
1078;23/05/2026 10:48 ;10.612
1079;23/05/2026 11:18 ;10.612
1080;23/05/2026 11:48 ;10.612
1081;23/05/2026 12:18 ;10.612
1082;23/05/2026 12:48 ;10.612
1083;23/05/2026 13:18 ;10.612
1084;23/05/2026 13:48 ;10.612
1085;23/05/2026 14:18 ;10.612
1086;23/05/2026 14:48 ;10.514
1087;23/05/2026 15:18 ;10.612
1088;23/05/2026 15:48 ;10.612
1089;23/05/2026 16:18 ;10.710
1090;23/05/2026 16:48 ;10.808
1091;23/05/2026 17:18 ;10.808
1092;23/05/2026 17:48 ;10.908
1093;23/05/2026 18:18 ;10.908
1094;23/05/2026 18:48 ;10.908
1095;23/05/2026 19:18 ;10.908
1096;23/05/2026 19:48 ;11.009
1097;23/05/2026 20:18 ;10.908
1098;23/05/2026 20:48 ;10.908
1099;23/05/2026 21:18 ;10.908
1100;23/05/2026 21:48 ;10.808
1101;23/05/2026 22:18 ;10.808
1102;23/05/2026 22:48 ;10.808
1103;23/05/2026 23:18 ;10.808
1104;23/05/2026 23:48 ;10.808
1105;24/05/2026 00:18 ;10.808
1106;24/05/2026 00:48 ;10.808
1107;24/05/2026 01:18 ;10.710
1108;24/05/2026 01:48 ;10.710
1109;24/05/2026 02:18 ;10.612
1110;24/05/2026 02:48 ;10.612
1111;24/05/2026 03:18 ;10.612
1112;24/05/2026 03:48 ;10.612
1113;24/05/2026 04:18 ;10.514
1114;24/05/2026 04:48 ;10.514
1115;24/05/2026 05:18 ;10.514
1116;24/05/2026 05:48 ;10.514
1117;24/05/2026 06:18 ;10.514
1118;24/05/2026 06:48 ;10.514
1119;24/05/2026 07:18 ;10.514
1120;24/05/2026 07:48 ;10.514
1121;24/05/2026 08:18 ;10.514
1122;24/05/2026 08:48 ;10.514
1123;24/05/2026 09:18 ;10.416
1124;24/05/2026 09:48 ;10.514
1125;24/05/2026 10:18 ;10.514
1126;24/05/2026 10:48 ;10.710
1127;24/05/2026 11:18 ;10.710
1128;24/05/2026 11:48 ;10.808
1129;24/05/2026 12:18 ;10.908
1130;24/05/2026 12:48 ;11.009
1131;24/05/2026 13:18 ;11.009
1132;24/05/2026 13:48 ;11.109
1133;24/05/2026 14:18 ;11.109
1134;24/05/2026 14:48 ;11.109
1135;24/05/2026 15:18 ;11.009
1136;24/05/2026 15:48 ;11.109
1137;24/05/2026 16:18 ;11.009
1138;24/05/2026 16:48 ;11.009
1139;24/05/2026 17:18 ;11.009
1140;24/05/2026 17:48 ;10.908
1141;24/05/2026 18:18 ;10.908
1142;24/05/2026 18:48 ;10.908
1143;24/05/2026 19:18 ;10.808
1144;24/05/2026 19:48 ;10.808
1145;24/05/2026 20:18 ;10.710
1146;24/05/2026 20:48 ;10.710
1147;24/05/2026 21:18 ;10.808
1148;24/05/2026 21:48 ;10.808
1149;24/05/2026 22:18 ;10.710
1150;24/05/2026 22:48 ;10.710
1151;24/05/2026 23:18 ;10.710
1152;24/05/2026 23:48 ;10.612
1153;25/05/2026 00:18 ;10.612
1154;25/05/2026 00:48 ;10.612
1155;25/05/2026 01:18 ;10.612
1156;25/05/2026 01:48 ;10.514
1157;25/05/2026 02:18 ;10.514
1158;25/05/2026 02:48 ;10.514
1159;25/05/2026 03:18 ;10.514
1160;25/05/2026 03:48 ;10.514
1161;25/05/2026 04:18 ;10.514
1162;25/05/2026 04:48 ;10.514
1163;25/05/2026 05:18 ;10.416
1164;25/05/2026 05:48 ;10.416
1165;25/05/2026 06:18 ;10.416
1166;25/05/2026 06:48 ;10.416
1167;25/05/2026 07:18 ;10.416
1168;25/05/2026 07:48 ;10.416
1169;25/05/2026 08:18 ;10.416
1170;25/05/2026 08:48 ;10.514
1171;25/05/2026 09:18 ;10.416
1172;25/05/2026 09:48 ;10.514
1173;25/05/2026 10:18 ;10.710
1174;25/05/2026 10:48 ;10.710
1175;25/05/2026 11:18 ;10.808
1176;25/05/2026 11:48 ;10.808
1177;25/05/2026 12:18 ;10.808
1178;25/05/2026 12:48 ;10.808
1179;25/05/2026 13:18 ;10.808
1180;25/05/2026 13:48 ;10.808
1181;25/05/2026 14:18 ;10.908
1182;25/05/2026 14:48 ;10.908
1183;25/05/2026 15:18 ;10.908
1184;25/05/2026 15:48 ;10.908
1185;25/05/2026 16:18 ;10.908
1186;25/05/2026 16:48 ;10.908
1187;25/05/2026 17:18 ;10.908
1188;25/05/2026 17:48 ;10.908
1189;25/05/2026 18:18 ;10.908
1190;25/05/2026 18:48 ;10.908
1191;25/05/2026 19:18 ;10.908
1192;25/05/2026 19:48 ;10.908
1193;25/05/2026 20:18 ;10.908
1194;25/05/2026 20:48 ;10.908
1195;25/05/2026 21:18 ;10.808
1196;25/05/2026 21:48 ;10.808
1197;25/05/2026 22:18 ;10.808
1198;25/05/2026 22:48 ;10.710
1199;25/05/2026 23:18 ;10.710
1200;25/05/2026 23:48 ;10.710
1201;26/05/2026 00:18 ;10.710
1202;26/05/2026 00:48 ;10.710
1203;26/05/2026 01:18 ;10.514
1204;26/05/2026 01:48 ;10.612
1205;26/05/2026 02:18 ;10.514
1206;26/05/2026 02:48 ;10.514
1207;26/05/2026 03:18 ;10.514
1208;26/05/2026 03:48 ;10.416
1209;26/05/2026 04:18 ;10.416
1210;26/05/2026 04:48 ;10.416
1211;26/05/2026 05:18 ;10.416
1212;26/05/2026 05:48 ;10.416
1213;26/05/2026 06:18 ;10.416
1214;26/05/2026 06:48 ;10.416
1215;26/05/2026 07:18 ;10.318
1216;26/05/2026 07:48 ;10.416
1217;26/05/2026 08:18 ;10.416
1218;26/05/2026 08:48 ;10.416
1219;26/05/2026 09:18 ;10.318
1220;26/05/2026 09:48 ;10.416
1221;26/05/2026 10:18 ;10.710
1222;26/05/2026 10:48 ;10.808
1223;26/05/2026 11:18 ;10.808
1224;26/05/2026 11:48 ;10.908
1225;26/05/2026 12:18 ;10.808
1226;26/05/2026 12:48 ;10.808
1227;26/05/2026 13:18 ;10.908
1228;26/05/2026 13:48 ;10.908
1229;26/05/2026 14:18 ;10.908
1230;26/05/2026 14:48 ;10.808
1231;26/05/2026 15:18 ;10.908
1232;26/05/2026 15:48 ;10.808
1233;26/05/2026 16:18 ;10.908
1234;26/05/2026 16:48 ;10.908
1235;26/05/2026 17:18 ;10.908
1236;26/05/2026 17:48 ;10.908
1237;26/05/2026 18:18 ;10.908
1238;26/05/2026 18:48 ;10.908
1239;26/05/2026 19:18 ;10.908
1240;26/05/2026 19:48 ;10.908
1241;26/05/2026 20:18 ;10.908
1242;26/05/2026 20:48 ;10.908
1243;26/05/2026 21:18 ;10.710
1244;26/05/2026 21:48 ;10.710
1245;26/05/2026 22:18 ;10.710
1246;26/05/2026 22:48 ;10.710
1247;26/05/2026 23:18 ;10.710
1248;26/05/2026 23:48 ;10.612
1249;27/05/2026 00:18 ;10.612
1250;27/05/2026 00:48 ;10.612
1251;27/05/2026 01:18 ;10.514
1252;27/05/2026 01:48 ;10.514
1253;27/05/2026 02:18 ;10.416
1254;27/05/2026 02:48 ;10.416
1255;27/05/2026 03:18 ;10.416
1256;27/05/2026 03:48 ;10.416
1257;27/05/2026 04:18 ;10.416
1258;27/05/2026 04:48 ;10.318
1259;27/05/2026 05:18 ;10.318
1260;27/05/2026 05:48 ;10.318
1261;27/05/2026 06:18 ;10.318
1262;27/05/2026 06:48 ;10.318
1263;27/05/2026 07:18 ;10.318
1264;27/05/2026 07:48 ;10.318
1265;27/05/2026 08:18 ;10.318
1266;27/05/2026 08:48 ;10.318
1267;27/05/2026 09:18 ;10.318
1268;27/05/2026 09:48 ;10.318
1269;27/05/2026 10:18 ;10.318
1270;27/05/2026 10:48 ;10.318
1271;27/05/2026 11:18 ;10.416
1272;27/05/2026 11:48 ;10.514
1273;27/05/2026 12:18 ;10.612
1274;27/05/2026 12:48 ;10.710
1275;27/05/2026 13:18 ;10.710
1276;27/05/2026 13:48 ;10.808
1277;27/05/2026 14:18 ;10.808
1278;27/05/2026 14:48 ;10.808
1279;27/05/2026 15:18 ;10.808
1280;27/05/2026 15:48 ;10.908
1281;27/05/2026 16:18 ;10.908
1282;27/05/2026 16:48 ;10.808
1283;27/05/2026 17:18 ;10.908
1284;27/05/2026 17:48 ;10.808
1285;27/05/2026 18:18 ;10.808
1286;27/05/2026 18:48 ;10.808
1287;27/05/2026 19:18 ;10.908
1288;27/05/2026 19:48 ;10.908
1289;27/05/2026 20:18 ;10.908
1290;27/05/2026 20:48 ;10.908
1291;27/05/2026 21:18 ;10.808
1292;27/05/2026 21:48 ;10.710
1293;27/05/2026 22:18 ;10.710
1294;27/05/2026 22:48 ;10.710
1295;27/05/2026 23:18 ;10.710
1296;27/05/2026 23:48 ;10.612
1297;28/05/2026 00:18 ;10.612
1298;28/05/2026 00:48 ;10.514
1299;28/05/2026 01:18 ;10.514
1300;28/05/2026 01:48 ;10.416
1301;28/05/2026 02:18 ;10.416
1302;28/05/2026 02:48 ;10.416
1303;28/05/2026 03:18 ;10.318
1304;28/05/2026 03:48 ;10.318
1305;28/05/2026 04:18 ;10.318
1306;28/05/2026 04:48 ;10.318
1307;28/05/2026 05:18 ;10.318
1308;28/05/2026 05:48 ;10.318
1309;28/05/2026 06:18 ;10.318
1310;28/05/2026 06:48 ;10.318
1311;28/05/2026 07:18 ;10.318
1312;28/05/2026 07:48 ;10.318
1313;28/05/2026 08:18 ;10.318
1314;28/05/2026 08:48 ;10.318
1315;28/05/2026 09:18 ;10.318
1316;28/05/2026 09:48 ;10.318
1317;28/05/2026 10:18 ;10.222
1318;28/05/2026 10:48 ;10.222
1319;28/05/2026 11:18 ;10.318
1320;28/05/2026 11:48 ;10.318
1321;28/05/2026 12:18 ;10.416
1322;28/05/2026 12:48 ;10.514
1323;28/05/2026 13:18 ;10.612
1324;28/05/2026 13:48 ;10.710
1325;28/05/2026 14:18 ;10.808
1326;28/05/2026 14:48 ;10.808
1327;28/05/2026 15:18 ;10.808
1328;28/05/2026 15:48 ;10.808
1329;28/05/2026 16:18 ;10.808
1330;28/05/2026 16:48 ;10.808
1331;28/05/2026 17:18 ;10.808
1332;28/05/2026 17:48 ;10.808
1333;28/05/2026 18:18 ;10.808
1334;28/05/2026 18:48 ;10.808
1335;28/05/2026 19:18 ;10.808
1336;28/05/2026 19:48 ;10.808
1337;28/05/2026 20:18 ;10.808
1338;28/05/2026 20:48 ;10.808
1339;28/05/2026 21:18 ;10.710
1340;28/05/2026 21:48 ;10.710
1341;28/05/2026 22:18 ;10.808
1342;28/05/2026 22:48 ;10.710
1343;28/05/2026 23:18 ;10.612
1344;28/05/2026 23:48 ;10.612
1345;29/05/2026 00:18 ;10.514
1346;29/05/2026 00:48 ;10.416
1347;29/05/2026 01:18 ;10.416
1348;29/05/2026 01:48 ;10.416
1349;29/05/2026 02:18 ;10.416
1350;29/05/2026 02:48 ;10.318
1351;29/05/2026 03:18 ;10.318
1352;29/05/2026 03:48 ;10.318
1353;29/05/2026 04:18 ;10.318
1354;29/05/2026 04:48 ;10.222
1355;29/05/2026 05:18 ;10.222
1356;29/05/2026 05:48 ;10.222
1357;29/05/2026 06:18 ;10.222
1358;29/05/2026 06:48 ;10.222
1359;29/05/2026 07:18 ;10.318
1360;29/05/2026 07:48 ;10.222
1361;29/05/2026 08:18 ;10.222
1362;29/05/2026 08:48 ;10.222
1363;29/05/2026 09:18 ;10.222
1364;29/05/2026 09:48 ;10.222
1365;29/05/2026 10:18 ;10.318
1366;29/05/2026 10:48 ;10.416
1367;29/05/2026 11:18 ;10.514
1368;29/05/2026 11:48 ;10.612
1369;29/05/2026 12:18 ;10.612
1370;29/05/2026 12:48 ;10.710
1371;29/05/2026 13:18 ;10.612
1372;29/05/2026 13:48 ;10.612
1373;29/05/2026 14:18 ;10.612
1374;29/05/2026 14:48 ;10.612
1375;29/05/2026 15:18 ;10.710
1376;29/05/2026 15:48 ;10.612
1377;29/05/2026 16:18 ;10.514
1378;29/05/2026 16:48 ;10.416
1379;29/05/2026 17:18 ;10.416
1380;29/05/2026 17:48 ;10.416
1381;29/05/2026 18:18 ;10.416
1382;29/05/2026 18:48 ;10.318
1383;29/05/2026 19:18 ;10.318
1384;29/05/2026 19:48 ;10.318
1385;29/05/2026 20:18 ;10.222
1386;29/05/2026 20:48 ;10.222
1387;29/05/2026 21:18 ;10.222
1388;29/05/2026 21:48 ;10.222
1389;29/05/2026 22:18 ;10.222
1390;29/05/2026 22:48 ;10.222
1391;29/05/2026 23:18 ;10.126
1392;29/05/2026 23:48 ;10.222
1393;30/05/2026 00:18 ;10.222
1394;30/05/2026 00:48 ;10.126
1395;30/05/2026 01:18 ;10.126
1396;30/05/2026 01:48 ;10.126
1397;30/05/2026 02:18 ;10.126
1398;30/05/2026 02:48 ;10.126
1399;30/05/2026 03:18 ;10.126
1400;30/05/2026 03:48 ;10.126
1401;30/05/2026 04:18 ;10.126
1402;30/05/2026 04:48 ;10.126
1403;30/05/2026 05:18 ;10.126
1404;30/05/2026 05:48 ;10.126
1405;30/05/2026 06:18 ;10.126
1406;30/05/2026 06:48 ;10.126
1407;30/05/2026 07:18 ;10.126
1408;30/05/2026 07:48 ;10.126
1409;30/05/2026 08:18 ;10.126
1410;30/05/2026 08:48 ;10.126
1411;30/05/2026 09:18 ;10.126
1412;30/05/2026 09:48 ;10.126
1413;30/05/2026 10:18 ;10.126
1414;30/05/2026 10:48 ;10.126
1415;30/05/2026 11:18 ;10.222
1416;30/05/2026 11:48 ;10.318
1417;30/05/2026 12:18 ;10.416
1418;30/05/2026 12:48 ;10.514
1419;30/05/2026 13:18 ;10.514
1420;30/05/2026 13:48 ;10.612
1421;30/05/2026 14:18 ;10.710
1422;30/05/2026 14:48 ;10.808
1423;30/05/2026 15:18 ;10.908
1424;30/05/2026 15:48 ;10.908
1425;30/05/2026 16:18 ;11.009
1426;30/05/2026 16:48 ;11.109
1427;30/05/2026 17:18 ;11.210
1428;30/05/2026 17:48 ;11.210
1429;30/05/2026 18:18 ;11.310
1430;30/05/2026 18:48 ;11.310
1431;30/05/2026 19:18 ;11.310
1432;30/05/2026 19:48 ;11.310
1433;30/05/2026 20:18 ;11.109
1434;30/05/2026 20:48 ;11.009
1435;30/05/2026 21:18 ;10.908
1436;30/05/2026 21:48 ;10.808
1437;30/05/2026 22:18 ;10.710
1438;30/05/2026 22:48 ;10.612
1439;30/05/2026 23:18 ;10.514
1440;30/05/2026 23:48 ;10.416
1441;31/05/2026 00:18 ;10.416
1442;31/05/2026 00:48 ;10.318
1443;31/05/2026 01:18 ;10.318
1444;31/05/2026 01:48 ;10.222
1445;31/05/2026 02:18 ;10.222
1446;31/05/2026 02:48 ;10.126
1447;31/05/2026 03:18 ;10.222
1448;31/05/2026 03:48 ;10.126
1449;31/05/2026 04:18 ;10.126
1450;31/05/2026 04:48 ;10.126
1451;31/05/2026 05:18 ;10.126
1452;31/05/2026 05:48 ;10.126
1453;31/05/2026 06:18 ;10.126
1454;31/05/2026 06:48 ;10.126
1455;31/05/2026 07:18 ;10.126
1456;31/05/2026 07:48 ;10.126
1457;31/05/2026 08:18 ;10.126
1458;31/05/2026 08:48 ;10.126
1459;31/05/2026 09:18 ;10.030
1460;31/05/2026 09:48 ;10.126
1461;31/05/2026 10:18 ;10.126
1462;31/05/2026 10:48 ;10.126
1463;31/05/2026 11:18 ;10.126
1464;31/05/2026 11:48 ;10.030
1465;31/05/2026 12:18 ;10.126
1466;31/05/2026 12:48 ;10.126
1467;31/05/2026 13:18 ;10.126
1468;31/05/2026 13:48 ;10.126
1469;31/05/2026 14:18 ;10.126
1470;31/05/2026 14:48 ;10.222
1471;31/05/2026 15:18 ;10.416
1472;31/05/2026 15:48 ;10.514
1473;31/05/2026 16:18 ;10.612
1474;31/05/2026 16:48 ;10.612
1475;31/05/2026 17:18 ;10.612
1476;31/05/2026 17:48 ;10.710
1477;31/05/2026 18:18 ;10.710
1478;31/05/2026 18:48 ;10.710
1479;31/05/2026 19:18 ;10.808
1480;31/05/2026 19:48 ;10.808
1481;31/05/2026 20:18 ;10.710
1482;31/05/2026 20:48 ;10.710
1483;31/05/2026 21:18 ;10.808
1484;31/05/2026 21:48 ;10.710
1485;31/05/2026 22:18 ;10.612
1486;31/05/2026 22:48 ;10.612
1487;31/05/2026 23:18 ;10.514
1488;31/05/2026 23:48 ;10.416
